{
  "indexes": [
    {
      "collectionId": "products",
      "fields": [
        { "fieldPath": "name", "mode": "ASCENDING" },
        { "fieldPath": "category", "mode": "ASCENDING" },
        { "fieldPath": "subCategory", "mode": "ASCENDING" },
        { "fieldPath": "item", "mode": "ASCENDING" },
        { "fieldPath": "exporterId", "mode": "ASCENDING" }
      ]
    },
    {
      "collectionId": "users",
      "fields": [
        { "fieldPath": "name", "mode": "ASCENDING" },
        { "fieldPath": "category", "mode": "ASCENDING" }
      ]
    },
    {
      "collectionId": "categories",
      "fields": [
        { "fieldPath": "factory", "mode": "ASCENDING" },
        { "fieldPath": "type", "mode": "ASCENDING" },
        { "fieldPath": "name", "mode": "ASCENDING" }
      ]
    },
    {
      "collectionId": "categories",
      "fields": [
        { "fieldPath": "category", "mode": "ASCENDING" },
        { "fieldPath": "name", "mode": "ASCENDING" }
      ]
    }
  ]
}
