{
  "categories": [
    {
      "name": "Textiles",
      "img": "assets/img/categories/Textiles.jpg",
      "link": "Textiles",
      "sub": [
        "Fibre",
        "Yarn",
        "Fabric",
        "Medical Applications",
        "Agri Tech Applications",
        "Marine Applications",
        "Build Tech Applications",
        "Recreation and Outdoor Furnishing",
        "Cloth Tech Applications",
        "Home Furnishings",
        "Textile Waste"
      ]
    },
    {
      "name": "Apparel and Clothing",
      "img": "assets/img/categories/ApparelandClothing.jpg",
      "link": "Apparel-and-Clothing",
      "sub": [
        "Mens Clothing",
        "Womens Clothing",
        "Kids Clothing",
        "Baby Clothing",
        "Unisex Clothing",
        "Clothing Accessories",
        "Animal and Pet Clothing"
      ]
    },
    {
      "name": "Footwear and Accessories",
      "img": "assets/img/categories/FootwearAccessories.jpg",
      "link": "Footwear-and-Accessories",
      "sub": [
        "Mens Footwear",
        "Womens Footwear",
        "Kids Footwear",
        "Baby Footwear",
        "Unisex Footwear",
        "Footwear Materials",
        "Footwear Accessories and Components",
        "Sports Shoes",
        "Socks",
        "Shoe Repairing Equipment",
        "Special Purpose Shoes"
      ]
    },
    {
      "name": "Leather",
      "img": "assets/img/categories/Leather.jpg",
      "link": "Leather",
      "sub": [
        "Cases and Business Organizers",
        "Furniture",
        "Home Textiles",
        "Plant and Eco Leather",
        "Raw Leather and Hides",
        "Clothing and Accessories"
      ]
    },
    {
      "name": "Jute",
      "img": "assets/img/categories/Jute.jpg",
      "link": "Jute",
      "sub": [
        "Industrial Jute Products",
        "Jute Products",
        "Jute Raw Materials",
        "Jute Waste"
      ]
    },
    {
      "name": "Agricultural Products",
      "img": "assets/img/categories/Agriculture.jpg",
      "link": "Agricultural-Products",
      "sub": [
        "Fruits",
        "Vegetables",
        "Cereals and Grains",
        "Seeds",
        "Beans",
        "Pulses",
        "Flowers",
        "Manure and Fertilizers",
        "Aquaculture",
        "Poultry",
        "Cattle and Sheep",
        "Mushrooms and Truffles",
        "Herbs",
        "Seeds and Bulbs",
        "Nursery Plantations",
        "Agricultural Supplies",
        "Spices",
        "Plants",
        "Agricultural Waste",
        "Agricultural Extracts and Fibres",
        "Animal Extracts",
        "Wood and Timber",
        "Agricultural Tools and Equipment",
        "Coconut and Coir",
        "Animal Feed",
        "Tobacco"
      ]
    },
    {
      "name": "Food and Beverages",
      "img": "assets/img/categories/FoodandBeverages.jpg",
      "link": "Food-and-Beverages",
      "sub": [
        "Alcoholic Beverages",
        "Baby Food",
        "Instant and Ready to Eat Foods",
        "Canned Foods",
        "Tea",
        "Coffee",
        "Confectionery",
        "Dairy products",
        "Beverages",
        "Dried Fruits and Nuts",
        "Food Ingredients and Additives",
        "Coconut Products",
        "Cereal and Grain Products",
        "Honey and Honey Products",
        "Edible and Infused Oils",
        "Fruit Products",
        "Meat and Poultry Products",
        "Seafoods",
        "Seasonings and Condiments",
        "Sweeteners",
        "Frozen Products",
        "Dried and Dehydrated Foods",
        "Dairy Products",
        "Pet Foods"
      ]
    },
    {
      "name": "Ayurveda",
      "img": "assets/img/categories/Ayurveda.jpg",
      "link": "Ayurveda",
      "sub": [
        "Ayurvedic Health Products",
        "Ayurvedic Raw Materials and Pharmaceutical Ingredients",
        "Ayurvedic Extracts",
        "Ayurvedic Beauty Products",
        "Ayurvedic Plants"
      ]
    },
    {
      "name": "Packaging and Paper",
      "img": "assets/img/categories/PackagingPaper.jpg",
      "link": "Packaging-and-Paper",
      "sub": [
        "Adhesives",
        "Peelable Adhesives",
        "Foils and Films",
        "Blister Packs",
        "Packaging Boards",
        "Bottles Cans and Jars",
        "Crates",
        "Drums and Barrels",
        "Trays",
        "Capsules",
        "FlexiTanks and IBC",
        "Bags and Handles",
        "Containers",
        "Cylinders",
        "Ribbons",
        "Labels and Tags",
        "Closures",
        "Media Packaging",
        "Packaging Auxiliary Materials",
        "Packaging Cups and Bowls",
        "Packaging Pouches",
        "Packaging Materials",
        "Personalized Packaging",
        "Packaging Raw Materials",
        "Packaging Tray",
        "Preforms",
        "Pill Storage Cases",
        "Films",
        "Pulp",
        "Notebooks and Diaries"
      ]
    },
    {
      "name": "Plastic",
      "img": "assets/img/categories/Plastic.jpg",
      "link": "Plastic",
      "sub": [
        "Plastic Products",
        "Plastic Scrap",
        "Plastic Raw Materials",
        "Plastic Packaging",
        "Recycled Plastic",
        "Fibre Reinforced Plastic Products"
      ]
    },
    {
      "name": "Rubber",
      "img": "assets/img/categories/Rubber.jpg",
      "link": "Rubber",
      "sub": [
        "Rubber Chemicals",
        "Rubber and Artificial Rubber Products",
        "Rubber Raw Materials",
        "Industrial Application Products"
      ]
    },
    {
      "name": "Beauty and Hygiene",
      "img": "assets/img/categories/BeautyHygeine.jpg",
      "link": "Beauty-and-Hygiene",
      "sub": [
        "Bath Products",
        "Hair Care Products",
        "Skin and Body Care Products",
        "Deodorants and Perfumes",
        "Makeup tools",
        "Makeup Products",
        "Oral Hygiene Products",
        "Feminine Hygiene Products",
        "Wigs and Extensions",
        "Beauty Equipment"
      ]
    },
    {
      "name": "Health",
      "img": "assets/img/categories/Health.jpg",
      "link": "Health",
      "sub": [
        "Health Care Products and Supplements",
        "Medicines",
        "Extracts",
        "Animal Healthcare Products"
      ]
    },
    {
      "name": "Chemicals",
      "img": "assets/img/categories/Chemicals.jpg",
      "link": "Chemicals",
      "sub": [
        "Acids",
        "Adhesives Glues and Sealants",
        "Admixtures and Additives",
        "Agricultural Chemicals and Fertilizers",
        "Basic Organic Chemicals",
        "Biological Chemical Products",
        "Catalysts Absorbents and Auxiliary agents",
        "Chemical Raw Materials",
        "Cleaning Chemicals",
        "Coatings and Paints",
        "Commodity Chemicals",
        "Industrial Chemicals",
        "Inorganic Chemicals",
        "Natural Medical and Industrial Gases",
        "Metal Finishing Chemicals",
        "Natural and Synthetic Resins",
        "Organic and Inorganic Solvents",
        "Organic Intermediates",
        "Painting and Coating Chemicals",
        "Petrochemicals and Petroleum products",
        "Dyes and Pigments",
        "Polymers",
        "Speciality Chemicals",
        "Textile Chemicals",
        "Wax",
        "Leather Chemical"
      ]
    },
    {
      "name": "Gifts Crafts and Decorative",
      "img": "assets/img/categories/GiftsCraftsandDecoratives.jpg",
      "link": "Gifts-Crafts-and-Decorative",
      "sub": [
        "Antiques",
        "Collectibles and Souvenirs",
        "Art",
        "Crafts and Handicrafts",
        "Candles Incense and Accessories",
        "Decorative",
        "Gift Sets",
        "Paintings and Sculptures",
        "Flowers",
        "Cards",
        "Handicrafts",
        "Clocks",
        "Promotional and Advertising Products",
        "Utility Gifts"
      ]
    },
    {
      "name": "Furniture",
      "img": "assets/img/categories/Furniture.jpg",
      "link": "Furniture",
      "sub": [
        "Institutional and Commercial Furniture",
        "Home Furniture",
        "Outdoor Furniture",
        "Furniture Hardware and Parts",
        "Kids Furniture",
        "Baby Furniture",
        "Antique Furniture",
        "Furniture Accessories"
      ]
    },
    {
      "name": "Home and Office Supplies",
      "img": "assets/img/categories/HomeOfficeSupplies.jpg",
      "link": "Home-and-Office-Supplies",
      "sub": [
        "Kitchen Equipment and Products",
        "Room Equipment and Products",
        "Bathroom Equipment and Products",
        "Outdoor Equipment and Products",
        "Utility Products and Household Items",
        "Cleaning Products and Equipment",
        "Home Decorative",
        "Bags Suitcase and Briefcases",
        "Sanitary Products",
        "Tableware and Cutlery",
        "Storage Products",
        "Pet Products",
        "Education Accessories",
        "Promotional and Advertising Products",
        "Stationery"
      ]
    },
    {
      "name": "Machinery Equipment and Parts",
      "img": "assets/img/categories/MachineryEquipmentParts.jpg",
      "link": "Machinery-Equipment-and-Parts",
      "sub": [
        "Agricultural Machinery and Equipment",
        "Textile Machinery and Equipment",
        "Construction Machinery and Equipment",
        "Chemical Machinery and Equipment",
        "Medical and Pharmaceutical Machinery and Equipment",
        "Metallurgical Machinery and Equipment",
        "Packaging Machinery and Equipment",
        "Beauty Equipment",
        "Plastic Manufacturing Machinery and Equipment",
        "Rubber Manufacturing Machinery and Equipment",
        "Food and Beverage Processing Machinery and Equipment",
        "Refrigeration and Heat Exchange Equipment",
        "Paper and Printing Machinery and Equipment",
        "Water Treatment and Purifying Machinery and Equipment",
        "Jewellery Machinery and Equipment",
        "Automobile Machinery and Equipment",
        "Home Products Manufacturing Machines and Equipment",
        "Furniture Manufacturing Machinery",
        "Electrical Equipment and Machinery",
        "Electronics Equipment and Machinery",
        "Footwear Machinery",
        "Energy Machinery and Equipment",
        "Air Treatment Plants",
        "Laser Equipment",
        "Boilers and Furnace",
        "Testing Equipment",
        "Bearings and Bearing Components",
        "Filters and Filtration Systems",
        "Cylinders and Parts",
        "Motors and Accessories",
        "Pipes and Piping Accessories",
        "Gaskets",
        "General Mechanical Components",
        "Hydraulic Parts",
        "Industrial Brakes and Clutches",
        "Machine Tools and Accessories",
        "Power Transmission Parts",
        "Pumps and Parts",
        "Burners",
        "Valves and Parts",
        "Industrial Materials"
      ]
    },
    {
      "name": "Tools and Equipment",
      "img": "assets/img/categories/ToolsHardware.jpg",
      "link": "Tools-and-Equipment",
      "sub": ["Tools", "Nuts and Screws", "Bolts and Fasteners", "Washer"]
    },
    {
      "name": "Construction and Building Materials",
      "img": "assets/img/categories/Construction.jpg",
      "link": "Construction-and-Building-Materials",
      "sub": [
        "Rails",
        "Bathroom",
        "Boards and Panels",
        "Glass",
        "Shades and Awnings",
        "Ceilings",
        "Utility Items and Accessories",
        "Worktops",
        "Doors and Windows",
        "Elevators and Elevator Parts",
        "Escalators and Escalator Parts",
        "Flooring and Accessories",
        "Gates",
        "HVAC Systems and Parts",
        "Kitchen",
        "Building and Masonry Materials",
        "Partitions"
      ]
    },
    {
      "name": "Sports and Fitness Equipment",
      "img": "assets/img/categories/SportsFitness.jpg",
      "link": "Sports-and-Fitness-Equipment",
      "sub": [
        "Sports Flooring",
        "Fitness Equipment",
        "Sports Equipment",
        "Sports Accessories",
        "Sports Safety Accessories",
        "Sportswear"
      ]
    },
    {
      "name": "Toys and Games",
      "img": "assets/img/categories/ToysGames.jpg",
      "link": "Toys-and-Games",
      "sub": [
        "Action Figure Toys",
        "Art Kits",
        "Baby Toys",
        "Ball and Balloon Toys",
        "Bath Toys",
        "Board Games and Puzzles",
        "Building and Block Toys",
        "Classic Toys",
        "DIY Toy kits",
        "Edible Toys",
        "Educational Toys",
        "Electronic Toys",
        "Spinner Toys",
        "Furniture and Tent Toys",
        "Inflatable Toys",
        "Kitchen Toys",
        "Magic Sets",
        "Toy Musical Instruments",
        "Outdoor Toys",
        "Pet Toys",
        "Playdough and Clay",
        "Puppets",
        "Remote Controlled Toys",
        "Ride on Toys",
        "Slot Toys",
        "Dolls and Soft Toys",
        "Tool Toys",
        "Toy Guns",
        "Toy Parts",
        "Toy Robots",
        "Toy Swords",
        "Toy Vehicles",
        "Wind Up Toys",
        "Painting",
        "Drawing",
        "Kids Craft Supplies",
        "Toy Accessories",
        "Musical Equipment and Accessories"
      ]
    },
    {
      "name": "Stones and Flooring",
      "img": "assets/img/categories/StonesFlooring.jpg",
      "link": "Stones-and-Flooring",
      "sub": [
        "Granite",
        "Marble",
        "Sandstone",
        "Slate",
        "Travertine",
        "Onyx",
        "Alabaster",
        "Basalt",
        "Limestone",
        "Quartzite",
        "Soapstone",
        "Feldspar",
        "Silica",
        "Dolomite",
        "Calcite",
        "Landscape Decor",
        "Stone Chips",
        "Cobble",
        "Mosaic Stone",
        "Paving Stone"
      ]
    },
    {
      "name": "Minerals Metals and Alloys",
      "img": "assets/img/categories/MineralsMetalsAlloys.jpg",
      "link": "Minerals-Metals-and-Alloys",
      "sub": [
        "Aluminium",
        "Asbestos",
        "Asphalt and Bitumen",
        "Brass",
        "Carbon",
        "Ceramics",
        "Chromium",
        "Clay",
        "Cobalt",
        "Copper",
        "Dolomite",
        "Glass",
        "Gold",
        "Graphite",
        "Gypsum",
        "Iron",
        "Kyanite",
        "Lead",
        "Lime",
        "Manganese",
        "Magnesium",
        "Magnetic Materials",
        "Mercury",
        "Mica",
        "Mineral Wool",
        "Molybdenum",
        "Nickel",
        "Ores",
        "Rare Earth Elements",
        "Salt",
        "Sillimanite",
        "Silver",
        "Speciality Metal products",
        "Steel",
        "Titanium",
        "Tungsten",
        "Zinc"
      ]
    },
    {
      "name": "Consumer Electronics",
      "img": "assets/img/categories/ConsumerElectronics.jpg",
      "link": "Consumer-Electronics",
      "sub": [
        "Electronic Sign Boards",
        "Air Conditioning Products",
        "Audio and Video Devices and Accessories",
        "Computer Accessories and Stationery",
        "Computer Hardware and Peripherals",
        "Computer Systems",
        "Displays and Display Devices",
        "Kitchen Appliances",
        "Lights Lamps and Lighting Fixtures",
        "Micro Electronics",
        "Mobile Phones and Accessories",
        "Kitchen and Utility Appliances",
        "Accessories and Parts",
        "Video Games and Accessories",
        "Water Coolers Dispensers and Purifiers",
        "Electroluminescent Materials and Products"
      ]
    },
    {
      "name": "Electrical and Electronics",
      "img": "assets/img/categories/ElectricalandElectronics.jpg",
      "link": "Electrical-and-Electronics",
      "sub": [
        "Connectors and Terminals",
        "Circuit Breakers",
        "Fuse and Fuse Components",
        "Enclosures and Covers",
        "Relays",
        "Power Supplies",
        "Wiring Cables and Accessories",
        "Transformers",
        "Electrical Devices",
        "Power Conversion and Distribution Equipment",
        "Electrical Testing Equipment",
        "Contactors",
        "Power Storage Devices",
        "Power Accessories",
        "Electrical Parts and Components",
        "Switches Plugs and Sockets",
        "Heating and Cooling Equipment",
        "Antennas",
        "Control Systems and Equipment",
        "Electronic Components",
        "Electronic and Electrical Scrap",
        "Electronic Testing Equipment",
        "Networking Hardware"
      ]
    },
    {
      "name": "Imitation Jewellery and Packaging",
      "img": "assets/img/categories/GemsJewelleryandDiamonds.jpg",
      "link": " Imitation-Jewellery-and-Packaging",
      "sub": [
        "Imitation Jewellery",
        "Jewellery Accessories",
        "Jewellery Equipment",
        "Jewellery Storage and Display Cases",
        "Jewellery Packaging",
        "Gift Articles",
        "Synthetic Stones"
      ]
    },
    {
      "name": "Automobile Accessories and Parts",
      "img": "assets/img/categories/Automobile.jpg",
      "link": "Automobile-Accessories-and-Parts",
      "sub": [
        "Automobile Electronics",
        "Automobile Accessories",
        "Vehicle Tools and Equipment",
        "Automobile Parts",
        "Tyres",
        "Automobile Electricals",
        "Automobile Care and Cleaning Products",
        "Automobile Electrical Systems",
        "Vehicles"
      ]
    },
    {
      "name": "Energy and Power",
      "img": "assets/img/categories/EnergyPower.jpg",
      "link": "Energy-and-Power",
      "sub": [
        "Charcoal",
        "Renewable Energy Products",
        "Energy Related Products",
        "Fuels and Oils"
      ]
    }
  ]
}
